Epoch,Timestamp,Params
1000,"tensor([0., 0., 0., 0., 0., 0., 0., 0., 0., 0., 0., 0., 0., 0., 0., 0., 0., 0., 0., 0., 0., 0., 0., 0.,
        0., 0., 0., 0., 0., 0., 0., 0., 0., 0., 0., 0., 0., 0., 0., 0., 0., 0., 0., 0., 0., 0., 0., 0.,
        0., 0., 0., 0., 0., 0., 0., 0.], device='cuda:0',
       grad_fn=<IndexBackward0>)","(array([[ 1, 56],
       [ 2, 56],
       [ 3, 56],
       [ 4, 56],
       [ 5, 56],
       [ 6, 56],
       [ 7, 56],
       [ 8, 56],
       [ 9, 56],
       [10, 56],
       [11, 56],
       [12, 56],
       [13, 56],
       [14, 56],
       [15, 56],
       [16, 56],
       [17, 56],
       [18, 56],
       [19, 56],
       [20, 56],
       [21, 56],
       [22, 56],
       [23, 56],
       [24, 56],
       [25, 56],
       [26, 56],
       [27, 56],
       [28,  0],
       [29,  1],
       [30,  2],
       [31,  3],
       [32,  4],
       [33,  5],
       [34,  6],
       [35,  7],
       [36,  8],
       [37,  9],
       [38, 10],
       [39, 11],
       [40, 12],
       [41, 13],
       [42, 14],
       [43, 15],
       [44, 16],
       [45, 17],
       [46, 18],
       [47, 19],
       [48, 20],
       [49, 21],
       [50, 22],
       [51, 23],
       [52, 24],
       [53, 25],
       [54, 26],
       [55, 27],
       [56,  0]]), array([[47, 48, 19, 20],
       [46, 55, 18, 27],
       [49, 53, 21, 53],
       ...,
       [53, 56, 53, 56],
       [54, 56, 54, 56],
       [55, 56, 55, 56]], shape=(1540, 4)))","tensor([[0.0000, 0.5961, 0.6003,  ..., 2.7930, 8.4353, 0.0000],
        [0.5961, 0.0000, 0.6198,  ..., 4.4115, 8.5825, 0.0000],
        [0.6003, 0.6198, 0.0000,  ..., 7.6444, 6.4689, 0.0000],
        ...,
        [2.7930, 4.4115, 7.6444,  ..., 0.0000, 0.1039,    inf],
        [8.4353, 8.5825, 6.4689,  ..., 0.1039, 0.0000,    inf],
        [0.0000, 0.0000, 0.0000,  ...,    inf,    inf, 0.0000]],
       device='cuda:0', grad_fn=<CopySlices>)","tensor(0., device='cuda:0', grad_fn=<MaxBackward1>)","tensor(63.4001, device='cuda:0', grad_fn=<MaxBackward1>)","tensor([ 3.2448,  8.0142,  3.2160,  3.8409,  5.0610,  5.3199,  3.9092,  3.5304,
         2.1046,  8.5301,  5.5085,  3.1747, 20.2002,  1.3410,  3.5889,  2.1227,
         6.3228,  8.6537,  8.6641,  8.4694,  5.1335,  7.2482,  2.2298, 32.5418,
         5.4091,  2.7930,  8.4353,  8.8204,  5.9906,  6.2438,  7.1933,  6.5447,
         5.6868,  5.9149,  5.1260,  5.8846,  7.4436,  5.5645, 17.6189,  4.4396,
         4.9194,  4.4640,  7.4927,  8.8068,  9.2565,  9.1522,  6.9154,  4.3399,
         5.0171, 30.4853,  6.9891,  4.4115,  8.5825,  6.5728,  5.6796,  4.7743,
         6.8023,  5.4557,  6.9951,  7.3591, 11.2279,  4.2070,  6.3317, 19.9801,
         7.7029,  7.4503,  7.1879,  6.0468,  6.2645,  0.9301,  0.6768,  6.4171,
        10.6724,  7.1650, 29.5449,  6.4801,  7.6444,  6.4689,  1.4205,  2.5380,
         4.6954,  2.8209,  2.2712,  1.3389, 10.7568,  3.1501,  1.7974, 21.9493,
         2.1279,  3.9430,  2.5492,  5.2415,  8.0799,  7.3633,  7.0978,  3.7650,
         9.6733,  1.6964, 33.3803,  4.2343,  3.5349,  7.9378,  2.3044,  5.2826,
         1.7471,  3.3061,  2.3661, 10.4803,  2.7789,  1.2297, 21.4195,  3.0576,
         4.7464,  2.5647,  5.5697,  8.0540,  6.4944,  6.2418,  4.3748,  9.5546,
         2.0677, 32.9364,  4.8029,  4.4100,  7.9711,  4.1448,  3.5254,  2.9688,
         3.6336, 11.5084,  0.7034,  3.3733, 22.0688,  4.1971,  4.4285,  4.4346,
         4.0179,  6.6565,  5.5620,  5.2594,  3.0419, 10.5058,  3.8714, 32.5025,
         3.4426,  4.4627,  6.6033,  6.1127,  2.8541,  4.8954, 11.2902,  4.2067,
         5.7768, 21.6773,  4.8379,  2.1882,  6.0233,  1.5708,  4.6415,  7.2565,
         7.0227,  1.5008,  9.9567,  5.5853, 31.1056,  1.0806,  2.9712,  4.3538,
         4.4888,  3.2027,  9.2399,  3.7864,  1.3665, 20.0384,  3.6280,  5.4209,
         2.2564,  6.3814,  8.3345,  6.2039,  6.0149,  5.4683,  8.4876,  2.4392,
        32.1089,  5.8101,  5.0348,  8.2791,  2.4239, 11.0896,  3.4406,  3.7158,
        22.1927,  2.5764,  2.1972,  4.0029,  3.7494,  6.9495,  7.6807,  7.4103,
         2.0559,  9.8047,  3.3115, 32.9033,  2.4914,  2.0972,  6.7309, 10.1382,
         4.2027,  2.0641, 21.5703,  0.9170,  3.6500,  1.9639,  5.7032,  8.4709,
         8.1089,  7.8654,  4.2248,  8.9771,  1.1367, 33.3762,  4.6414,  3.0205,
         8.2877, 11.5717,  9.7394, 12.3335,  9.6526, 10.1357,  8.8018, 11.8539,
        11.8955, 11.3627, 11.4168, 11.7472,  2.0143,  9.6452, 27.8237, 11.7500,
         9.8056, 11.7891,  3.8271, 21.9184,  4.7223,  4.7014,  4.8820,  3.8738,
         6.2804,  4.9794,  4.6714,  3.1910, 10.6044,  4.3943, 32.1081,  3.5193,
         4.8163,  6.2616, 20.8720,  2.6241,  4.8897,  1.5069,  6.2391,  8.6028,
         7.1099,  6.8886,  5.0402,  8.8342,  1.2683, 32.9226,  5.4408,  4.4002,
         8.4980, 21.1866, 21.0775, 20.2345, 21.8370, 20.3689, 19.6650, 19.8876,
        22.3296, 13.7328, 21.0492, 21.5072, 22.2039, 20.9885, 20.4022,  3.3107,
         2.0703,  5.7890,  8.4606,  8.4121,  8.1832,  4.3809,  8.4142,  1.5872,
        33.1137,  4.7403,  2.5646,  8.2514,  4.7406,  3.5366,  6.1656,  7.9838,
         7.7631,  2.6346,  8.7089,  4.3860, 31.5553,  2.6601,  0.9249,  5.8711,
         6.7101,  8.9773,  7.9054,  7.7110,  5.5209,  7.8274,  1.0077, 32.7733,
         5.8743,  4.0955,  8.8321,  3.6587,  6.4329,  6.1968,  1.9200, 10.6287,
         6.2789, 30.6946,  1.4693,  4.2497,  3.4514,  6.1856,  6.0985,  5.4191,
        10.8534,  8.8093, 27.5856,  4.9939,  6.8687,  0.4983,  0.3565,  6.9917,
        10.8621,  7.9202, 28.8462,  7.0020,  8.2232,  6.4304,  6.7191, 10.8790,
         7.6962, 29.1099,  6.7404,  8.0026,  6.3329, 10.4827,  4.9388, 32.0628,
         0.5782,  3.1454,  5.2083,  8.6060, 28.2045, 10.4721,  8.3776, 10.7039,
        33.2153,  5.3391,  3.7608,  8.6559, 31.7105, 31.9421, 27.7365,  3.2859,
         4.7654,  6.5894], device='cuda:0', grad_fn=<AddBackward0>)"
2000,"tensor([0., 0., 0., 0., 0., 0., 0., 0., 0., 0., 0., 0., 0., 0., 0., 0., 0., 0., 0., 0., 0., 0., 0., 0.,
        0., 0., 0., 0., 0., 0., 0., 0., 0., 0., 0., 0., 0., 0., 0., 0., 0., 0., 0., 0., 0., 0., 0., 0.,
        0., 0., 0., 0., 0., 0., 0., 0.], device='cuda:0',
       grad_fn=<IndexBackward0>)","(array([[ 1, 56],
       [ 2, 56],
       [ 3, 56],
       [ 4, 56],
       [ 5, 56],
       [ 6, 56],
       [ 7, 56],
       [ 8, 56],
       [ 9, 56],
       [10, 56],
       [11, 56],
       [12, 56],
       [13, 56],
       [14, 56],
       [15, 56],
       [16, 56],
       [17, 56],
       [18, 56],
       [19, 56],
       [20, 56],
       [21, 56],
       [22, 56],
       [23, 56],
       [24, 56],
       [25, 56],
       [26, 56],
       [27, 56],
       [28,  0],
       [29,  1],
       [30,  2],
       [31,  3],
       [32,  4],
       [33,  5],
       [34,  6],
       [35,  7],
       [36,  8],
       [37,  9],
       [38, 10],
       [39, 11],
       [40, 12],
       [41, 13],
       [42, 14],
       [43, 15],
       [44, 16],
       [45, 17],
       [46, 18],
       [47, 19],
       [48, 20],
       [49, 21],
       [50, 22],
       [51, 23],
       [52, 24],
       [53, 25],
       [54, 26],
       [55, 27],
       [56,  0]]), array([[32, 45,  4, 17],
       [33, 36,  5,  8],
       [28, 47,  0, 47],
       ...,
       [53, 56, 53, 56],
       [54, 56, 54, 56],
       [55, 56, 55, 56]], shape=(1540, 4)))","tensor([[ 0.0000,  0.6843,  0.6816,  ...,  6.7252, 20.5875,  0.0000],
        [ 0.6843,  0.0000,  0.6298,  ...,  8.5361, 21.1855,  0.0000],
        [ 0.6816,  0.6298,  0.0000,  ...,  6.7863, 19.2014,  0.0000],
        ...,
        [ 6.7252,  8.5361,  6.7863,  ...,  0.0000,  0.1459,     inf],
        [20.5875, 21.1855, 19.2014,  ...,  0.1459,  0.0000,     inf],
        [ 0.0000,  0.0000,  0.0000,  ...,     inf,     inf,  0.0000]],
       device='cuda:0', grad_fn=<CopySlices>)","tensor(0., device='cuda:0', grad_fn=<MaxBackward1>)","tensor(102.9978, device='cuda:0', grad_fn=<MaxBackward1>)","tensor([ 4.4981,  6.1969,  9.0760,  1.4528,  5.5686,  8.9807, 41.7519,  5.6621,
         9.8913,  4.1690,  6.3771,  3.2785,  5.1263,  4.6342, 13.2295,  5.5765,
         1.4021,  7.5172,  0.7074, 19.4309,  3.0934,  1.2045, 10.6531, 12.7853,
         4.8414,  6.7252, 20.5875,  4.5911,  9.7228,  3.9078,  1.9725,  8.0687,
        42.7273,  2.1226,  8.7604,  2.8766,  2.9453,  3.0229,  2.3744,  3.5515,
        13.7670,  6.5700,  3.9047,  5.0795,  4.0909, 19.9801,  1.8045,  5.1112,
         9.7761, 13.3031,  4.1136,  8.5361, 21.1855, 12.3585,  5.3824,  3.2667,
         4.6327, 41.8763,  3.1529,  5.8460,  3.2793,  3.5311,  3.9994,  2.8072,
         2.5011, 11.1611,  4.0024,  5.4371,  3.1079,  5.9407, 21.7283,  5.3758,
         6.6392, 12.1312, 15.6244,  2.0731,  6.7863, 19.2014, 10.0910, 11.0665,
        13.0413, 37.7011, 11.1421, 12.9077, 11.4996, 10.5954, 11.0625, 11.5222,
        11.9243, 15.0058, 11.8927, 10.0376, 11.5557,  9.4062, 11.3084,  9.1455,
         8.3625,  4.8206,  4.0503, 12.0826, 11.1449, 19.7115,  4.7654,  8.6709,
        42.5595,  4.8588,  9.6952,  3.0068,  5.8352,  2.0447,  4.1356,  3.5334,
        13.4543,  5.2966,  0.0835,  7.0385,  0.9034, 20.4769,  2.6564,  2.5244,
        11.3459, 13.8161,  3.8395,  7.0428, 21.0553,  7.0051, 42.8164,  0.1821,
         7.7729,  2.6465,  1.8772,  3.3242,  1.2736,  2.9042, 13.2128,  6.1166,
         4.7891,  3.8429,  5.1671, 20.9563,  3.4302,  6.1798, 10.7521, 14.4987,
         3.3602,  8.4479, 20.8304, 38.5322,  6.8779,  1.7716,  7.4791,  6.1621,
         7.9368,  7.0178,  6.7686,  7.3991,  4.9657,  8.7151,  3.9963,  8.9897,
        20.6908,  8.7860,  8.9268, 12.2313, 15.5756,  6.1733,  6.1148, 15.3326,
        42.7690, 37.5287, 43.2769, 41.6522, 43.1682, 43.1443, 42.9811, 32.5720,
        39.8754, 42.5557, 40.4563, 42.2278, 30.6277, 42.7326, 40.7974, 36.9737,
        35.4174, 42.5494, 37.1535, 24.8298,  7.6459,  2.7040,  1.7890,  3.4058,
         1.2994,  2.9062, 13.1221,  6.0696,  4.8840,  3.7034,  5.2677, 20.9901,
         3.5713,  6.2622, 10.7932, 14.5569,  3.3326,  8.4153, 20.7490,  8.5853,
         6.6201,  9.0343,  7.9876,  7.9660,  7.0738,  6.2958,  9.7314,  4.3540,
         9.9303, 19.9055,  9.5638,  9.7489, 11.6839, 15.1389,  7.4472,  6.9385,
        14.4820,  4.1087,  1.0615,  1.5607,  1.0497, 13.3195,  5.0722,  3.0566,
         5.3388,  3.6843, 21.6883,  3.0122,  4.9991, 11.9298, 15.1180,  1.8213,
         7.6724, 21.1980,  4.6955,  2.8664,  4.1473, 12.3409,  6.3217,  5.8529,
         2.5599,  6.1013, 19.9896,  4.4229,  6.7517,  9.7473, 13.7780,  4.3484,
         8.3014, 19.7174,  2.4184,  1.7949, 13.4477,  5.0803,  2.0948,  5.9639,
         2.7589, 21.3718,  2.5717,  4.1902, 11.7803, 14.7417,  2.3738,  7.4710,
        21.2645,  1.7863, 13.2117,  5.5429,  4.1730,  4.3269,  4.6814, 21.5370,
         3.3422,  5.8421, 11.5092, 15.0386,  2.3628,  8.1119, 21.0133, 12.7012,
         4.4164,  3.5935,  4.9444,  4.2307, 21.9152,  3.8260,  5.3583, 12.2581,
        15.4671,  0.8565,  7.2164, 20.6881,  9.1283, 13.4861, 10.5561, 13.5193,
        19.5608, 14.0253, 12.6705, 14.4727, 16.3523, 12.0593,  7.4182,  8.6987,
         5.3523,  5.7053,  5.6637, 20.8198,  6.4901,  5.5472, 12.4293, 15.0157,
         3.7287,  3.3199, 17.2794,  7.0701,  0.8360, 20.4337,  2.6295,  2.4857,
        11.3056, 13.7663,  3.9043,  7.0747, 21.0734,  7.3520, 20.1983,  6.2663,
         7.7195, 10.4742, 14.4404,  4.7529,  7.5592, 18.0395, 19.8413,  2.6581,
         1.8537, 10.8470, 13.1474,  4.5187,  7.0780, 20.9607, 19.7034, 18.5417,
        11.3773,  7.4975, 21.9033, 19.0153, 19.6560,  3.8044,  9.8784, 12.8867,
         4.3743,  8.2320, 21.4168, 10.1277, 11.9912,  5.4566,  6.1625, 19.8374,
         5.7070, 12.3982, 11.9555, 18.7641, 15.5616, 13.7979, 19.4803,  6.6457,
        20.1196, 15.0272], device='cuda:0', grad_fn=<AddBackward0>)"
3000,"tensor([0., 0., 0., 0., 0., 0., 0., 0., 0., 0., 0., 0., 0., 0., 0., 0., 0., 0., 0., 0., 0., 0., 0., 0.,
        0., 0., 0., 0., 0., 0., 0., 0., 0., 0., 0., 0., 0., 0., 0., 0., 0., 0., 0., 0., 0., 0., 0., 0.,
        0., 0., 0., 0., 0., 0., 0., 0.], device='cuda:0',
       grad_fn=<IndexBackward0>)","(array([[ 1, 56],
       [ 2, 56],
       [ 3, 56],
       [ 4, 56],
       [ 5, 56],
       [ 6, 56],
       [ 7, 56],
       [ 8, 56],
       [ 9, 56],
       [10, 56],
       [11, 56],
       [12, 56],
       [13, 56],
       [14, 56],
       [15, 56],
       [16, 56],
       [17, 56],
       [18, 56],
       [19, 56],
       [20, 56],
       [21, 56],
       [22, 56],
       [23, 56],
       [24, 56],
       [25, 56],
       [26, 56],
       [27, 56],
       [28,  0],
       [29,  1],
       [30,  2],
       [31,  3],
       [32,  4],
       [33,  5],
       [34,  6],
       [35,  7],
       [36,  8],
       [37,  9],
       [38, 10],
       [39, 11],
       [40, 12],
       [41, 13],
       [42, 14],
       [43, 15],
       [44, 16],
       [45, 17],
       [46, 18],
       [47, 19],
       [48, 20],
       [49, 21],
       [50, 22],
       [51, 23],
       [52, 24],
       [53, 25],
       [54, 26],
       [55, 27],
       [56,  0]]), array([[31, 50,  3, 22],
       [41, 48, 13, 20],
       [31, 40,  3, 40],
       ...,
       [53, 56, 53, 56],
       [54, 56, 54, 56],
       [55, 56, 55, 56]], shape=(1540, 4)))","tensor([[ 0.0000,  0.7530,  0.5333,  ...,  7.5340, 12.6515,  0.0000],
        [ 0.7530,  0.0000,  0.6734,  ..., 14.8735,  2.9505,  0.0000],
        [ 0.5333,  0.6734,  0.0000,  ..., 14.4730,  9.8445,  0.0000],
        ...,
        [ 7.5340, 14.8735, 14.4730,  ...,  0.0000,  0.3928,     inf],
        [12.6515,  2.9505,  9.8445,  ...,  0.3928,  0.0000,     inf],
        [ 0.0000,  0.0000,  0.0000,  ...,     inf,     inf,  0.0000]],
       device='cuda:0', grad_fn=<CopySlices>)","tensor(0., device='cuda:0', grad_fn=<MaxBackward1>)","tensor(37.3445, device='cuda:0', grad_fn=<MaxBackward1>)","tensor([13.9107,  8.4287,  2.8526,  8.6820,  6.5867, 15.4555, 14.9317,  8.2711,
         9.1373, 14.0909,  5.0729,  3.3044,  8.1003, 16.1294,  7.4870,  9.0374,
        16.3396,  6.5950, 17.0686,  8.2916, 14.1044,  2.8092, 14.3576,  7.0043,
         8.0263,  7.5340, 12.6515, 11.9688, 13.4837, 15.6928, 15.2116, 14.9913,
        14.4832,  7.6569, 13.0480, 16.8021, 11.6789, 13.4317, 15.6511,  3.4602,
        15.4591,  6.7335, 12.7114, 12.7130, 16.6174, 15.4841, 13.3000, 13.4211,
        17.0604, 13.7112, 13.6671, 14.8735,  2.9505,  6.5122, 15.4953, 13.2249,
        19.0645,  8.0172,  8.9468,  2.2945, 18.3498,  4.9705,  5.8250, 15.1131,
        13.9697, 14.6258,  8.6669, 18.5682, 12.5569, 20.1923, 15.2302, 17.8083,
         6.6476, 18.1474, 13.4923, 14.3087, 14.4730,  9.8445, 11.0815,  9.1131,
        17.1550, 13.6707,  7.7212,  7.5251, 16.1163,  2.9507,  0.8684, 10.4911,
        15.8856,  9.8515,  8.3066, 17.6150,  8.0524, 18.7758, 10.6175, 15.6978,
         0.2813, 16.3077,  8.8035,  9.8969,  9.6995, 11.8474,  3.8247, 10.1861,
        20.6465, 11.6461, 16.0786,  8.9121, 12.3158, 11.5621,  1.0690, 17.2120,
         1.9260, 12.5773, 12.4575,  5.9472, 12.2082,  1.3280,  9.0653, 10.9674,
        10.0119,  4.7417,  4.0584,  2.9212, 15.7165, 11.0607, 18.0075, 11.2327,
        13.5101,  8.7131, 10.6369,  9.4355,  3.8903, 16.6822,  3.9911, 12.0258,
        13.0396,  6.8894, 12.4144,  4.3769, 10.2924,  9.0660,  9.1999,  6.1692,
         6.1254,  5.0401, 14.9063, 21.6106, 15.2937, 19.3182,  5.7317, 17.4969,
        17.3488, 11.0255, 14.7496, 11.6267, 15.6413,  4.2788, 12.9163,  3.6979,
        10.9465,  2.9088, 17.0977,  6.9993, 12.4485, 11.2368, 11.8028, 16.2572,
        15.0402,  6.5952, 20.7352, 12.5683, 12.9321, 20.5211, 14.9794, 20.2443,
        14.3847, 20.4818, 18.8810, 21.7346, 20.7022, 21.0088, 13.8448, 19.9687,
        19.6389, 20.1369, 20.3112, 12.9138, 10.6299, 16.0561,  5.9877,  7.9635,
        11.2253, 10.6602, 10.7237,  1.3046, 14.6367,  7.0239, 17.4889, 11.0456,
        13.2408,  7.5654, 16.5912,  8.3496,  8.9361,  9.9406,  6.2867, 18.2791,
         6.6191,  6.7539, 15.7625, 14.6949, 15.3339, 10.3496, 18.8867, 13.7391,
        20.1464, 15.9358, 18.2950,  7.7071, 17.8975, 14.5423, 15.2960, 15.3296,
        11.0885, 16.9748, 16.2548,  9.8381, 16.8536, 10.5198, 16.4890,  8.7519,
        13.0189,  5.0270, 10.0258,  7.2191, 16.0995,  2.0307, 12.3323, 11.3803,
        11.2227, 17.5410,  2.8513, 11.7623, 14.2674, 11.1394,  6.3338, 17.4636,
         8.5267, 19.2057, 11.8039, 15.8805,  2.9023, 17.1747,  9.5697, 10.5934,
        10.7794,  9.7686, 11.0075, 15.7713, 10.3955,  8.4474, 17.7337,  8.6757,
        18.8688, 11.1511, 15.9516,  1.1061, 16.3685,  9.4252, 10.4783, 10.2864,
        11.7348, 17.3210,  0.9237, 12.2020, 13.1338,  5.2918, 13.1048,  0.6695,
         9.7693, 10.3664, 10.8809,  4.0423,  3.5918,  2.1208, 15.5532, 17.2531,
         9.8041, 11.9099, 15.0154, 15.9517, 17.1775, 13.4171, 15.8495, 16.9595,
        15.8486, 15.6053, 16.7873,  5.8016, 11.7336, 13.5799,  4.6532, 13.7475,
         1.0345, 10.2626,  9.7178, 11.5121,  3.4075,  3.2361,  1.5256, 15.2519,
        14.7286,  8.1606, 17.7284, 12.0375, 13.6396,  8.1768, 16.9442,  9.4592,
         9.9845, 10.9971,  5.1404, 13.8175,  5.9816, 12.9966,  4.0984, 17.5611,
         9.5081, 13.6955, 12.5978, 13.5143, 14.3569, 15.4275,  4.9747, 10.9187,
         7.8502, 13.9649,  1.5191,  2.6042,  3.4838, 12.2557, 13.1457,  6.2969,
        18.7552,  5.6090, 14.9362, 13.8275, 14.1484, 17.8628,  9.5847, 10.4828,
        11.1279,  3.6788,  3.1045,  1.7307, 15.4229, 15.6136,  8.5521, 10.5684,
         9.3376, 10.1861, 14.5504, 16.3164,  8.6165,  9.7218,  9.5406, 11.7950,
        13.3466, 12.5153, 12.2818, 17.7233,  1.5442,  2.1080, 13.3834,  1.9590,
        13.5966, 14.6707], device='cuda:0', grad_fn=<AddBackward0>)"
4000,"tensor([0., 0., 0., 0., 0., 0., 0., 0., 0., 0., 0., 0., 0., 0., 0., 0., 0., 0., 0., 0., 0., 0., 0., 0.,
        0., 0., 0., 0., 0., 0., 0., 0., 0., 0., 0., 0., 0., 0., 0., 0., 0., 0., 0., 0., 0., 0., 0., 0.,
        0., 0., 0., 0., 0., 0., 0., 0.], device='cuda:0',
       grad_fn=<IndexBackward0>)","(array([[ 1, 56],
       [ 2, 56],
       [ 3, 56],
       [ 4, 56],
       [ 5, 56],
       [ 6, 56],
       [ 7, 56],
       [ 8, 56],
       [ 9, 56],
       [10, 56],
       [11, 56],
       [12, 56],
       [13, 56],
       [14, 56],
       [15, 56],
       [16, 56],
       [17, 56],
       [18, 56],
       [19, 56],
       [20, 56],
       [21, 56],
       [22, 56],
       [23, 56],
       [24, 56],
       [25, 56],
       [26, 56],
       [27, 56],
       [28,  0],
       [29,  1],
       [30,  2],
       [31,  3],
       [32,  4],
       [33,  5],
       [34,  6],
       [35,  7],
       [36,  8],
       [37,  9],
       [38, 10],
       [39, 11],
       [40, 12],
       [41, 13],
       [42, 14],
       [43, 15],
       [44, 16],
       [45, 17],
       [46, 18],
       [47, 19],
       [48, 20],
       [49, 21],
       [50, 22],
       [51, 23],
       [52, 24],
       [53, 25],
       [54, 26],
       [55, 27],
       [56,  0]]), array([[46, 53, 18, 53],
       [45, 55, 17, 55],
       [44, 49, 16, 49],
       ...,
       [53, 56, 53, 56],
       [54, 56, 54, 56],
       [55, 56, 55, 56]], shape=(1540, 4)))","tensor([[ 0.0000,  0.5115,  0.5857,  ..., 15.3363, 14.7723,  0.0000],
        [ 0.5115,  0.0000,  0.5481,  ..., 11.5143, 14.7977,  0.0000],
        [ 0.5857,  0.5481,  0.0000,  ...,  4.6724,  7.5858,  0.0000],
        ...,
        [15.3363, 11.5143,  4.6724,  ...,  0.0000,  0.0744,     inf],
        [14.7723, 14.7977,  7.5858,  ...,  0.0744,  0.0000,     inf],
        [ 0.0000,  0.0000,  0.0000,  ...,     inf,     inf,  0.0000]],
       device='cuda:0', grad_fn=<CopySlices>)","tensor(0., device='cuda:0', grad_fn=<MaxBackward1>)","tensor(78.3041, device='cuda:0', grad_fn=<MaxBackward1>)","tensor([13.9491, 13.7212, 27.7332, 11.2197, 12.8926, 12.1839, 14.7081, 15.6189,
        14.0000, 10.0029, 14.3837,  9.6324, 13.4654, 15.1438, 13.5197, 14.8644,
        15.2178, 15.4546,  8.0865, 12.7673, 14.6643,  8.9246, 14.9709, 15.6111,
        15.1313, 15.3363, 14.7723, 12.4243, 38.2970, 11.6856,  2.9140, 10.1268,
        11.0700,  9.2596,  9.8898, 13.3721,  3.4131, 15.2823,  2.1347,  7.5582,
         4.8550,  7.0109, 14.5814,  9.0188, 15.7699,  8.8842,  8.1022, 15.2774,
         5.5214,  7.0441,  9.7571, 11.5143, 14.7977, 37.7497,  5.7537, 10.9601,
         6.2030,  2.9161,  6.6212, 18.1578,  6.4631, 10.4785,  7.4795, 13.5601,
        12.5979, 15.0976,  8.0954,  8.3241,  5.9530,  9.4704,  6.8988,  7.2012,
         8.3546,  9.1029,  7.8348,  5.1369,  4.6724,  7.5858, 37.3459, 38.4239,
        38.6128, 39.5493, 38.8401, 31.9959, 35.4027, 39.7349, 32.9433, 37.0670,
        35.8553, 35.4811, 40.7107, 34.3004, 40.7286, 31.4047, 39.2415, 40.6397,
        32.7458, 40.5094, 40.0296, 40.5158, 38.0579, 34.2004,  9.4612,  2.5144,
         5.8156,  9.9103, 17.8991,  3.0039,  9.6930,  6.4329, 12.7501, 14.2282,
        14.5515,  7.5064, 12.6277,  7.1740,  7.5279,  4.1505,  6.4768,  6.3564,
         8.7256,  9.4611,  6.2757,  9.2906, 11.9079,  7.7681,  9.4962,  8.9884,
        11.7624, 11.3571,  2.2278, 13.6481,  4.4107,  9.1972,  7.0226,  5.1503,
        14.4370,  7.5253, 14.1512,  6.4739,  6.0853, 13.5569,  4.0753,  6.5668,
         8.0753, 10.8896, 14.4518,  5.1877,  8.9929, 17.2715,  5.3483,  7.7978,
         8.5940, 11.4147, 13.3383, 13.4793,  5.3705, 13.0455,  5.5322,  9.6454,
         1.7690,  4.3263,  8.5583,  6.6945,  7.9128,  4.7849,  8.9977, 12.4903,
         5.6509, 17.9818,  7.5847,  8.6771,  9.4988, 12.4887, 12.1162, 14.3583,
         5.8098,  9.9253,  3.3411, 11.2844,  5.3319,  4.8635, 10.1284,  6.9815,
         5.9446,  2.4335,  4.9023,  9.4445, 15.1125, 11.3144,  7.8242, 12.4344,
        10.4597,  7.7447, 11.8349,  6.8295,  7.9428,  5.1059, 13.9526,  8.4603,
         6.9556, 13.1323,  6.7251,  3.4265,  5.7078,  3.3053,  8.1829, 18.3443,
        12.8149, 18.7185,  8.0207,  8.9467,  5.2972, 15.7557, 16.5945, 16.9599,
        18.4997, 16.6155, 16.5497, 18.6884, 14.5292, 14.6070, 17.5114, 16.6879,
        17.0835, 11.8095,  3.7748, 14.1522, 15.1763, 15.6020, 10.0033, 12.3964,
         9.4683,  4.7847,  6.8723,  9.0676,  3.5293, 11.0542, 11.4208,  8.5795,
        10.2002, 11.5327, 14.1512,  5.3816,  8.8844,  7.9980,  3.8675, 14.0582,
         6.2548, 14.9242,  6.3410,  5.0769, 14.2011,  2.3366,  5.0121,  7.0208,
        10.0130, 14.1259, 15.7843, 15.7860, 16.7776, 12.6630, 11.3633, 11.7843,
         2.5092,  9.9732, 11.8310,  1.5559, 13.5258, 13.2750, 10.9631, 10.7892,
        10.3820,  7.3988,  2.9014,  8.8316, 15.0008, 10.6977, 16.0694, 10.3196,
         9.8349, 15.7323,  7.4304,  8.6349, 11.3731, 12.5837, 15.2660,  7.0784,
        10.7883, 10.7528, 10.9883, 16.5119, 12.5764, 11.5545, 16.2059,  9.6171,
         7.9361, 11.7426,  9.8208, 11.4516, 11.2634, 15.3378, 12.8420, 16.8899,
        12.5471, 12.1983, 16.7392,  9.9036, 10.5461, 13.4910, 13.8282, 15.7126,
        13.3133,  3.1364, 13.7901,  3.8591,  1.4384, 12.8251,  1.8405,  4.1905,
         3.7539,  8.4355, 13.1727, 11.5107, 12.8155, 13.3356, 13.0781, 12.4418,
        13.4176, 10.8547, 11.4431,  5.8985,  1.4095, 13.2776,  4.6903,  2.5987,
        12.2068,  4.2468,  3.6642,  1.2836,  6.1538, 11.3102, 10.9759, 13.0455,
         1.5135, 14.5489, 14.5882, 12.5179, 12.5551, 11.9036,  2.9388,  9.9547,
         5.1887,  6.8702,  4.2354,  8.9808, 12.9089, 12.0112,  3.1775,  4.7892,
         2.8054,  8.1145, 12.8308, 13.6796, 13.7185, 11.3945, 11.6989, 11.5020,
         3.7213,  5.0918,  8.7954, 13.4097,  4.7268,  6.0825, 11.0046,  6.1635,
        11.1213,  5.8227], device='cuda:0', grad_fn=<AddBackward0>)"
5000,"tensor([0., 0., 0., 0., 0., 0., 0., 0., 0., 0., 0., 0., 0., 0., 0., 0., 0., 0., 0., 0., 0., 0., 0., 0.,
        0., 0., 0., 0., 0., 0., 0., 0., 0., 0., 0., 0., 0., 0., 0., 0., 0., 0., 0., 0., 0., 0., 0., 0.,
        0., 0., 0., 0., 0., 0., 0., 0.], device='cuda:0',
       grad_fn=<IndexBackward0>)","(array([[ 1, 56],
       [ 2, 56],
       [ 3, 56],
       [ 4, 56],
       [ 5, 56],
       [ 6, 56],
       [ 7, 56],
       [ 8, 56],
       [ 9, 56],
       [10, 56],
       [11, 56],
       [12, 56],
       [13, 56],
       [14, 56],
       [15, 56],
       [16, 56],
       [17, 56],
       [18, 56],
       [19, 56],
       [20, 56],
       [21, 56],
       [22, 56],
       [23, 56],
       [24, 56],
       [25, 56],
       [26, 56],
       [27, 56],
       [28,  0],
       [29,  1],
       [30,  2],
       [31,  3],
       [32,  4],
       [33,  5],
       [34,  6],
       [35,  7],
       [36,  8],
       [37,  9],
       [38, 10],
       [39, 11],
       [40, 12],
       [41, 13],
       [42, 14],
       [43, 15],
       [44, 16],
       [45, 17],
       [46, 18],
       [47, 19],
       [48, 20],
       [49, 21],
       [50, 22],
       [51, 23],
       [52, 24],
       [53, 25],
       [54, 26],
       [55, 27],
       [56,  0]]), array([[34, 44,  6, 44],
       [35, 40,  7, 40],
       [38, 44, 16, 34],
       ...,
       [53, 56, 53, 56],
       [54, 56, 54, 56],
       [55, 56, 55, 56]], shape=(1540, 4)))","tensor([[ 0.0000,  0.7472,  0.6602,  ..., 18.4013, 16.5213,  0.0000],
        [ 0.7472,  0.0000,  0.5577,  ..., 26.8720, 28.4622,  0.0000],
        [ 0.6602,  0.5577,  0.0000,  ..., 22.1538, 25.7599,  0.0000],
        ...,
        [18.4013, 26.8720, 22.1538,  ...,  0.0000,  0.1888,     inf],
        [16.5213, 28.4622, 25.7599,  ...,  0.1888,  0.0000,     inf],
        [ 0.0000,  0.0000,  0.0000,  ...,     inf,     inf,  0.0000]],
       device='cuda:0', grad_fn=<CopySlices>)","tensor(0., device='cuda:0', grad_fn=<MaxBackward1>)","tensor(54.6417, device='cuda:0', grad_fn=<MaxBackward1>)","tensor([25.8009, 30.0590,  8.2757, 26.9815, 12.8061, 18.1084, 18.6585,  7.1774,
        11.4691, 17.3849, 16.5542, 18.9450,  4.3809, 20.9043,  5.2043, 17.5318,
        11.7662, 27.9634, 15.6065,  9.6268, 16.5213, 32.3982,  3.8274,  9.3103,
        25.7409, 18.4013, 16.5213, 16.4522, 20.9765, 20.3349, 17.4898, 29.5164,
        29.3691, 28.3448, 27.8803, 29.8913, 29.8440, 28.9588, 27.6548, 26.7654,
        27.2636, 29.6865, 17.4998, 21.5806, 28.6756, 28.7501, 11.9153, 17.0491,
        27.1773, 28.1327, 22.6865, 26.8720, 28.4622, 26.9316,  8.1819, 27.1299,
        25.8359, 25.1492, 29.5359, 27.9401, 26.5598, 27.0273, 24.5681, 30.7152,
        20.3258, 30.5026, 26.3874, 25.1462,  9.4069, 25.6618, 29.2628, 21.1540,
         3.8067, 30.7517, 29.0280, 12.0227, 22.1538, 25.7599, 24.5866,  8.5708,
        18.5285, 19.1797, 12.8597, 12.2254, 18.2778, 17.5033, 19.1408, 11.8515,
        20.7846, 12.4236, 18.1032,  4.4437, 26.2554, 17.6933, 12.2832, 10.1373,
        29.4333, 11.4083, 11.3079, 24.1148, 19.7003, 16.5252, 26.8518, 19.4201,
        18.6038, 25.2174, 22.8120, 20.2413, 20.8528, 17.9789, 27.3044, 13.4052,
        27.3326, 20.0731, 23.8005,  4.5455, 19.7642, 24.3150, 21.1451, 11.1746,
        27.5867, 24.2261,  4.4871, 16.2136, 19.6755, 25.1656, 25.5264, 18.2259,
        19.7896, 24.9349, 24.3491, 25.4849, 15.7872, 25.8333, 15.5348, 24.8643,
         6.5463, 28.0036, 23.3895, 19.4958,  9.2124, 28.8173, 14.9058, 18.7401,
        27.0984, 24.1873, 23.4907,  1.7238, 13.6307,  8.4485,  1.5200,  2.3449,
         1.9180, 17.8308,  7.7323, 18.6871,  1.0080, 20.7648, 20.6723,  6.2480,
        10.1365, 22.5340, 28.9313, 18.6778, 10.5587, 16.6253,  9.0485,  2.7577,
        13.9997,  9.5450,  2.3534,  3.5252,  1.0642, 18.2109,  6.3917, 18.9698,
         2.5232, 21.2845, 19.6528,  5.6676, 11.0304, 22.8277, 28.1860, 19.0615,
        11.5164, 15.6284,  7.7923,  4.1252,  8.7655, 12.6273, 11.9154, 14.5109,
         4.9808, 16.7526,  5.9068, 13.0359, 16.2302, 25.8575, 10.1466,  6.1815,
        20.0222, 32.0181,  6.0757,  6.8902, 23.1856, 13.6745, 12.6597,  7.9079,
         6.7847,  9.7230, 12.1633, 13.7640, 13.3862,  7.7188, 15.4034, 24.3951,
         9.1908,  3.1935, 18.7786, 30.9805, 12.8662,  2.7433, 20.8559, 13.2532,
         6.3089,  1.3399,  3.0027, 16.9382,  8.3700, 17.8026,  1.0928, 20.6962,
        21.3614,  5.3384,  9.2865, 22.7169, 29.6009, 17.8228,  9.8346, 17.4086,
         8.8457,  3.1080,  4.0239, 16.2093,  9.3405, 17.1442,  1.4506, 20.0631,
        22.0714,  5.6761,  8.2156, 22.3152, 30.0877, 17.0924,  8.7404, 18.1460,
         9.6065,  2.5972, 18.6351,  6.0526, 19.3982,  2.8461, 21.1283, 19.1559,
         6.3937, 11.3991, 22.5146, 27.6505, 19.4569, 11.7980, 15.0652,  8.1078,
         4.0256, 20.4150,  1.7096, 17.2633, 15.0948, 27.9099, 14.4320,  9.7413,
        19.2684, 32.9562,  1.3166,  9.9624, 25.7166, 17.2721, 16.6497, 20.8212,
         8.5071, 22.0229, 13.9201,  8.2155, 15.0993, 22.2855, 23.1984, 21.1235,
        15.4691,  9.9706,  5.7022,  9.1409, 18.1624, 15.3771, 27.7673, 14.9730,
        11.0306, 19.3205, 32.6041,  1.7283, 11.2775, 25.7934, 17.4467, 17.6145,
        20.4709, 21.3447,  6.1591,  9.3754, 22.4423, 29.4806, 18.1214,  9.8157,
        17.3346,  9.4438,  2.3266, 25.5621, 20.0730, 15.8219,  6.3622, 27.4630,
        14.5506, 14.8668, 23.9049, 21.2654, 18.8554, 20.1765, 25.5997, 23.0370,
        11.3114, 28.2019, 25.6493,  4.6826, 15.9497, 21.2353,  9.2638, 22.0793,
        28.3785, 15.3381, 10.0901, 16.7998,  5.4139,  7.1407, 19.6268, 32.1505,
        10.5564,  1.4374, 22.2713, 13.6227,  8.4675, 23.2576, 18.7841, 18.7664,
        22.0573, 22.1183, 20.8706, 32.9350, 31.9446, 14.7165, 24.6288, 28.9266,
        10.6630, 26.1266, 18.0120, 17.4374, 22.3365, 14.2464,  8.6571, 12.9823,
        17.2395, 10.3187], device='cuda:0', grad_fn=<AddBackward0>)"
6000,"tensor([0., 0., 0., 0., 0., 0., 0., 0., 0., 0., 0., 0., 0., 0., 0., 0., 0., 0., 0., 0., 0., 0., 0., 0.,
        0., 0., 0., 0., 0., 0., 0., 0., 0., 0., 0., 0., 0., 0., 0., 0., 0., 0., 0., 0., 0., 0., 0., 0.,
        0., 0., 0., 0., 0., 0., 0., 0.], device='cuda:0',
       grad_fn=<IndexBackward0>)","(array([[ 1, 56],
       [ 2, 56],
       [ 3, 56],
       [ 4, 56],
       [ 5, 56],
       [ 6, 56],
       [ 7, 56],
       [ 8, 56],
       [ 9, 56],
       [10, 56],
       [11, 56],
       [12, 56],
       [13, 56],
       [14, 56],
       [15, 56],
       [16, 56],
       [17, 56],
       [18, 56],
       [19, 56],
       [20, 56],
       [21, 56],
       [22, 56],
       [23, 56],
       [24, 56],
       [25, 56],
       [26, 56],
       [27, 56],
       [28,  0],
       [29,  1],
       [30,  2],
       [31,  3],
       [32,  4],
       [33,  5],
       [34,  6],
       [35,  7],
       [36,  8],
       [37,  9],
       [38, 10],
       [39, 11],
       [40, 12],
       [41, 13],
       [42, 14],
       [43, 15],
       [44, 16],
       [45, 17],
       [46, 18],
       [47, 19],
       [48, 20],
       [49, 21],
       [50, 22],
       [51, 23],
       [52, 24],
       [53, 25],
       [54, 26],
       [55, 27],
       [56,  0]]), array([[32, 51,  4, 51],
       [37, 41,  9, 41],
       [30, 31,  2, 31],
       ...,
       [53, 56, 53, 56],
       [54, 56, 54, 56],
       [55, 56, 55, 56]], shape=(1540, 4)))","tensor([[ 0.0000,  0.5309,  0.5008,  ..., 15.4593, 18.7623,  0.0000],
        [ 0.5309,  0.0000,  0.6436,  ..., 14.5534, 16.0461,  0.0000],
        [ 0.5008,  0.6436,  0.0000,  ..., 30.9107, 19.0092,  0.0000],
        ...,
        [15.4593, 14.5534, 30.9107,  ...,  0.0000,  0.2178,     inf],
        [18.7623, 16.0461, 19.0092,  ...,  0.2178,  0.0000,     inf],
        [ 0.0000,  0.0000,  0.0000,  ...,     inf,     inf,  0.0000]],
       device='cuda:0', grad_fn=<CopySlices>)","tensor(0., device='cuda:0', grad_fn=<MaxBackward1>)","tensor(91.1033, device='cuda:0', grad_fn=<MaxBackward1>)","tensor([ 3.3564, 25.2811, 25.9585, 18.0910, 51.2078, 25.7971, 17.1466, 20.1566,
        17.6559, 20.4050, 17.8195, 12.9113, 17.4245, 14.2555, 12.8116, 15.9390,
        16.1381, 20.9177, 19.7316, 41.6705, 14.3867, 16.7597, 18.3486, 16.3405,
        21.4899, 15.4593, 18.7623, 24.5000, 25.2544, 15.2423, 52.7295, 25.4030,
        15.0631, 17.8790, 15.3074, 17.9438, 15.8181,  9.9508, 15.0928, 12.5408,
        10.4379, 15.2316, 14.8170, 18.5957, 17.9281, 43.8028, 12.2588, 18.1143,
        15.5213, 15.3417, 19.8054, 14.5534, 16.0461,  1.5288, 21.7986, 39.3345,
        11.0326, 27.7036, 14.2613, 25.9661, 17.3958, 13.3752, 25.0943, 26.7953,
        29.7612, 27.9381, 30.8744, 30.3538, 14.9493, 11.0788, 43.2076, 28.9484,
        32.3408, 21.6216, 30.3220, 13.7525, 30.9107, 19.0092, 22.6193, 38.4020,
        10.2106, 28.2471, 15.2561, 26.5425, 18.1271, 14.4942, 25.8991, 27.3824,
        30.3546, 28.6377, 31.2878, 30.8407, 15.7920, 12.2247, 42.5974, 29.5922,
        32.5306, 22.4337, 30.7472, 14.0206, 31.3730, 19.9058, 57.0271, 23.1371,
        11.0213,  9.1498,  8.5381,  6.0603, 11.0086,  7.5745,  9.1890, 14.0105,
        11.2781, 18.0492, 15.6583,  8.3514, 12.7979, 50.6606, 12.1565, 26.0154,
         0.4513, 16.8340, 12.3048, 17.3041,  3.7741, 36.9680, 58.6299, 51.5272,
        58.1175, 53.5958, 49.6636, 57.7368, 58.6978, 59.1261, 58.7551, 57.3430,
        58.6950, 52.0326, 48.1753, 34.1007, 59.4255, 51.2451, 56.9185, 57.6514,
        47.9446, 58.0488, 55.1844, 26.0236, 18.3260, 24.6964, 18.7941, 18.3016,
        25.8416, 25.5588, 28.4412, 27.6081, 28.0928, 28.1241, 17.8233, 16.7891,
        36.8672, 28.0779, 28.4262, 22.9225, 27.6070, 12.0558, 28.5098, 21.3963,
        18.1266,  3.0548, 14.4308, 19.0536,  8.4884,  2.2137,  5.9725,  6.7317,
         8.8049,  5.9448, 17.1145, 20.7579, 47.2730,  5.2765, 19.0253, 11.1406,
         7.2470, 16.8953,  8.1004, 13.9790, 15.7984,  5.6296,  4.3674, 14.2659,
        16.6125, 20.7366, 18.1055, 23.7430, 22.0708,  2.8324,  4.6615, 49.2891,
        19.2457, 29.2750,  8.9724, 22.7745,  9.4635, 23.2892,  5.6636, 11.8408,
        17.0877,  7.7765,  1.2187,  8.2371,  7.6826, 11.4196,  8.7223, 14.6465,
        18.7266, 48.0433,  6.9513, 20.9929,  8.6102,  9.9074, 14.8455, 10.7691,
        11.5105,  8.9117, 12.3101, 12.7934, 17.9637, 15.7120, 20.9043, 18.9659,
         3.4470,  9.5863, 49.2040, 16.4263, 27.6311,  5.7178, 19.7222,  7.5793,
        20.4699,  4.1207, 14.2776, 17.7597, 20.7824, 18.0427, 23.6881, 22.3187,
         6.6956,  2.8546, 47.7113, 19.4500, 28.1515, 10.9608, 22.9368, 11.3993,
        23.2355,  7.9913,  7.5643,  8.4553,  4.7517, 13.5530, 11.2395, 14.1580,
        16.5517, 49.0031,  6.5723, 21.6042,  7.9240, 12.6757, 16.5828, 12.4807,
        10.0240,  7.3073,  6.9370, 10.7619,  7.9164, 15.5521, 19.4774, 48.2639,
         6.0184, 20.6390,  9.2996,  9.2495, 15.8586, 10.0157, 12.2521,  4.1661,
         6.3893,  3.9463, 20.2260, 22.7594, 46.6776,  2.3811, 16.3963, 14.2470,
         5.6998, 20.3841,  4.9694, 16.7917,  9.9141,  7.5548, 17.8047, 20.1967,
        47.9566,  2.4806, 18.7684, 11.5751,  9.1764, 18.9964,  8.6378, 13.9979,
         3.4544, 23.0915, 25.3397, 42.6541,  8.4048, 11.7759, 18.2050,  1.8386,
        21.6595,  1.6950, 20.4809, 21.3388, 24.0745, 45.1777,  5.6620, 14.8331,
        15.8263,  2.1986, 20.5426,  2.4806, 18.3630,  6.8045, 49.2292, 18.7316,
        29.0333,  8.0814, 22.0230,  7.8092, 22.6824,  5.2006, 47.4363, 21.4892,
        29.4181, 12.6865, 24.5797, 10.8439, 24.9843,  9.5835, 47.8927, 33.2303,
        50.6345, 43.4867, 44.0980, 43.8139, 50.4727, 18.2378, 12.4112,  7.4875,
        19.4268,  7.0762, 15.0573, 26.1488, 13.1991, 26.2868, 12.8061, 27.5182,
        16.9776, 12.0195, 17.4826,  3.6186, 20.6706,  2.1009, 19.3616, 21.6610,
        10.8479, 19.8401], device='cuda:0', grad_fn=<AddBackward0>)"
7000,"tensor([0., 0., 0., 0., 0., 0., 0., 0., 0., 0., 0., 0., 0., 0., 0., 0., 0., 0., 0., 0., 0., 0., 0., 0.,
        0., 0., 0., 0., 0., 0., 0., 0., 0., 0., 0., 0., 0., 0., 0., 0., 0., 0., 0., 0., 0., 0., 0., 0.,
        0., 0., 0., 0., 0., 0., 0., 0.], device='cuda:0',
       grad_fn=<IndexBackward0>)","(array([[ 1, 56],
       [ 2, 56],
       [ 3, 56],
       [ 4, 56],
       [ 5, 56],
       [ 6, 56],
       [ 7, 56],
       [ 8, 56],
       [ 9, 56],
       [10, 56],
       [11, 56],
       [12, 56],
       [13, 56],
       [14, 56],
       [15, 56],
       [16, 56],
       [17, 56],
       [18, 56],
       [19, 56],
       [20, 56],
       [21, 56],
       [22, 56],
       [23, 56],
       [24, 56],
       [25, 56],
       [26, 56],
       [27, 56],
       [28,  0],
       [29,  1],
       [30,  2],
       [31,  3],
       [32,  4],
       [33,  5],
       [34,  6],
       [35,  7],
       [36,  8],
       [37,  9],
       [38, 10],
       [39, 11],
       [40, 12],
       [41, 13],
       [42, 14],
       [43, 15],
       [44, 16],
       [45, 17],
       [46, 18],
       [47, 19],
       [48, 20],
       [49, 21],
       [50, 22],
       [51, 23],
       [52, 24],
       [53, 25],
       [54, 26],
       [55, 27],
       [56,  0]]), array([[28, 41,  0, 13],
       [44, 51, 16, 51],
       [47, 48, 19, 48],
       ...,
       [53, 56, 53, 56],
       [54, 56, 54, 56],
       [55, 56, 55, 56]], shape=(1540, 4)))","tensor([[ 0.0000,  0.6388,  0.5325,  ..., 10.0122,  3.8371,  0.0000],
        [ 0.6388,  0.0000,  0.6160,  ..., 29.2642, 32.6299,  0.0000],
        [ 0.5325,  0.6160,  0.0000,  ..., 10.7918,  5.3764,  0.0000],
        ...,
        [10.0122, 29.2642, 10.7918,  ...,  0.0000,  0.1013,     inf],
        [ 3.8371, 32.6299,  5.3764,  ...,  0.1013,  0.0000,     inf],
        [ 0.0000,  0.0000,  0.0000,  ...,     inf,     inf,  0.0000]],
       device='cuda:0', grad_fn=<CopySlices>)","tensor(0., device='cuda:0', grad_fn=<MaxBackward1>)","tensor(68.6016, device='cuda:0', grad_fn=<MaxBackward1>)","tensor([34.8570,  2.2746, 16.7057, 37.9283,  5.0002,  9.3242, 15.7294,  3.8901,
        14.7897,  7.9991, 15.7022, 29.7756,  0.2937, 41.5196, 20.2592,  5.1783,
        23.9432, 10.9338,  7.9774,  7.8989,  9.5665, 23.0197,  4.8135, 20.5124,
        13.6025, 10.0122,  3.8371, 35.2488, 28.0157, 29.2327, 33.3838, 33.6076,
        28.4727, 34.1110, 31.4499, 34.5664, 23.3823, 15.3574, 34.9268, 34.9884,
        17.7207, 35.4021, 31.0936, 32.9394, 34.6974, 34.5423, 31.8060, 25.9140,
        35.1019, 25.5597, 30.8798, 29.2642, 32.6299, 16.4073, 37.0352,  5.4162,
         9.1329, 15.5711,  4.8754, 13.3307,  7.5851, 16.3654, 29.6913,  2.0802,
        40.9936, 20.8678,  4.5996, 23.4167, 10.5537,  6.6914,  6.3292,  9.6917,
        23.1625,  4.8226, 19.8557, 13.2820, 10.7918,  5.3764, 32.7317, 18.5859,
         9.8462,  2.0004, 14.4703, 16.1843, 11.3332, 10.2368, 17.9579, 16.7896,
        43.0483, 13.6201, 13.8632, 29.1687,  7.9956, 12.0269, 12.7583, 20.5808,
        27.9309, 13.9662,  7.8956,  4.4915, 10.4334, 15.0480, 35.8287, 37.7019,
        34.0866, 38.6161, 25.4448, 37.7975, 34.8709, 25.2353, 37.8351, 23.5798,
        32.7372, 38.0300, 25.3736, 36.6060, 35.5765, 34.5109, 33.5371, 28.2206,
        38.5525, 25.9837, 35.1130, 37.1798, 37.8788, 12.8975, 17.8550,  8.0472,
        13.7556, 11.7880, 16.7245, 29.4614,  4.8829, 37.6520, 20.3187,  9.3140,
        19.8146, 14.1352, 10.9689, 10.2968,  4.8066, 18.8303,  9.1604, 21.1726,
        16.2127, 12.3568,  6.6130,  8.5767,  6.4257, 15.7206,  2.0976, 12.2183,
        26.0293,  9.4418, 44.9792, 17.5988,  5.2479, 28.6775,  2.3169,  5.3805,
         6.9382, 16.4700, 27.6859,  5.2140, 15.6506,  5.7308,  6.6495,  8.2051,
        13.2586, 16.7037, 10.2133,  9.2697, 19.0626, 15.8330, 43.7740, 13.2800,
        12.8405, 29.4712,  6.8649, 11.3903, 12.2887, 20.0981, 27.9815, 12.8278,
         9.6068,  3.4135,  8.9479, 13.8825, 15.8912,  5.4626, 13.4617, 28.5061,
         4.1072, 43.3797, 18.5558,  3.6905, 26.2147,  8.3008,  7.0304,  7.6926,
        12.2583, 24.8023,  2.5011, 19.2457, 11.0823,  7.1123,  2.7062, 15.0476,
        19.1996, 24.4184, 14.6456, 32.6334, 21.3785, 14.5074, 17.6411, 15.2436,
        11.9726, 10.4959, 13.5923, 20.4616, 15.3268, 14.3371, 15.6538, 17.2794,
        15.8198, 13.5301, 27.2023,  8.0906, 44.6270, 18.8126,  3.4354, 28.0263,
         3.8181,  3.9707,  5.5657, 15.5543, 27.3478,  3.7089, 16.5717,  7.3161,
         7.6705,  7.5388, 18.3892, 15.8601, 41.8206,  6.0720, 14.9536, 27.7614,
        12.0038, 15.1309, 15.7478, 18.2048, 24.1710, 14.3664, 14.4535, 10.7356,
         6.9775, 12.7001, 29.8326, 37.5684, 14.8157, 28.8033, 30.5302, 24.6811,
        27.1100, 27.1125, 29.0339, 27.9472, 28.7868, 14.0264, 21.8213, 23.5681,
        27.8495, 41.3962, 20.3901,  5.2346, 23.8004, 11.0286,  7.9554,  7.8281,
         9.4512, 22.9529,  4.9348, 20.5292, 13.6966, 10.2043,  4.0677, 39.6703,
        43.6696, 18.9163, 44.6981, 42.4842, 41.1658, 33.5876, 22.6840, 43.9720,
        38.5612, 44.2603, 43.3315, 41.8606, 20.0416, 27.5903, 17.1639, 19.8817,
        20.2205, 20.7022, 23.1774, 19.5437, 15.4182, 15.4116, 12.6067, 17.4332,
        26.5718,  6.9283,  4.0946,  4.9787, 13.4190, 26.0795,  1.4602, 18.3921,
        10.1572,  8.8324,  5.8928, 28.8046, 25.8923, 24.5286, 15.6650, 10.0823,
        26.8550, 26.7938, 29.1849, 27.4401, 24.7057,  5.8438,  7.2874, 17.3893,
        27.9815,  7.1086, 13.8972,  3.7499,  7.4245,  9.8500,  1.8427, 14.3443,
        26.1116,  5.2293, 15.7764,  8.6090,  9.9976,  8.6819, 13.3960, 25.1060,
         6.1402, 15.7640,  9.7094, 10.9071,  9.0175, 14.5788, 13.3617, 21.9455,
        18.9221, 15.2194, 10.5205, 25.9981, 26.4829, 28.1524, 24.8468, 22.7658,
        18.7612, 10.2746,  8.0359,  4.9295, 11.1968, 16.0353, 19.4234,  8.2018,
        12.1455,  6.9484], device='cuda:0', grad_fn=<AddBackward0>)"
8000,"tensor([0., 0., 0., 0., 0., 0., 0., 0., 0., 0., 0., 0., 0., 0., 0., 0., 0., 0., 0., 0., 0., 0., 0., 0.,
        0., 0., 0., 0., 0., 0., 0., 0., 0., 0., 0., 0., 0., 0., 0., 0., 0., 0., 0., 0., 0., 0., 0., 0.,
        0., 0., 0., 0., 0., 0., 0., 0.], device='cuda:0',
       grad_fn=<IndexBackward0>)","(array([[ 1, 56],
       [ 2, 56],
       [ 3, 56],
       [ 4, 56],
       [ 5, 56],
       [ 6, 56],
       [ 7, 56],
       [ 8, 56],
       [ 9, 56],
       [10, 56],
       [11, 56],
       [12, 56],
       [13, 56],
       [14, 56],
       [15, 56],
       [16, 56],
       [17, 56],
       [18, 56],
       [19, 56],
       [20, 56],
       [21, 56],
       [22, 56],
       [23, 56],
       [24, 56],
       [25, 56],
       [26, 56],
       [27, 56],
       [28,  0],
       [29,  1],
       [30,  2],
       [31,  3],
       [32,  4],
       [33,  5],
       [34,  6],
       [35,  7],
       [36,  8],
       [37,  9],
       [38, 10],
       [39, 11],
       [40, 12],
       [41, 13],
       [42, 14],
       [43, 15],
       [44, 16],
       [45, 17],
       [46, 18],
       [47, 19],
       [48, 20],
       [49, 21],
       [50, 22],
       [51, 23],
       [52, 24],
       [53, 25],
       [54, 26],
       [55, 27],
       [56,  0]]), array([[34, 47,  6, 47],
       [31, 36,  3, 36],
       [31, 33,  3, 33],
       ...,
       [53, 56, 53, 56],
       [54, 56, 54, 56],
       [55, 56, 55, 56]], shape=(1540, 4)))","tensor([[ 0.0000,  0.4639,  0.5250,  ..., 41.1680, 24.0302,  0.0000],
        [ 0.4639,  0.0000,  0.4729,  ..., 39.3295, 17.5650,  0.0000],
        [ 0.5250,  0.4729,  0.0000,  ..., 38.1944, 15.7227,  0.0000],
        ...,
        [41.1680, 39.3295, 38.1944,  ...,  0.0000,  0.3133,     inf],
        [24.0302, 17.5650, 15.7227,  ...,  0.3133,  0.0000,     inf],
        [ 0.0000,  0.0000,  0.0000,  ...,     inf,     inf,  0.0000]],
       device='cuda:0', grad_fn=<CopySlices>)","tensor(0., device='cuda:0', grad_fn=<MaxBackward1>)","tensor(81.4072, device='cuda:0', grad_fn=<MaxBackward1>)","tensor([11.3518, 12.8049,  6.0511, 11.2593,  6.4040, 18.4307, 21.5713,  5.5651,
        18.5314, 50.2443, 20.1611, 23.2328, 14.5824, 25.8358, 33.0060, 16.7585,
        18.8897, 11.0503, 18.3071, 19.9808, 22.0281,  3.5757, 24.1636,  3.1977,
        21.7036, 41.1680, 24.0302,  4.9840,  7.2009, 18.0790,  5.9413,  9.5530,
        14.2168,  8.1622, 10.3802, 53.0720, 11.3812, 23.2379,  5.6796, 19.8779,
        32.6603,  8.1418, 18.1281,  3.4989,  9.2828, 27.4015, 29.6687, 13.3394,
        20.2953, 12.7984, 30.0730, 39.3295, 17.5650,  7.9005, 16.9224,  7.5813,
         7.0147, 14.7151,  8.5058,  7.3226, 51.2375, 10.2469, 25.3292,  8.6307,
        19.4598, 30.2603,  4.8886, 20.6370,  7.8690,  6.8975, 26.4645, 30.7135,
        13.8202, 21.6704, 14.6353, 29.9426, 38.1944, 15.7227, 13.0879,  1.8192,
        14.2642, 19.3587,  1.2119, 14.4578, 51.5832, 16.6555, 25.0511, 11.8186,
        24.0587, 32.6058, 12.3473, 20.2993,  8.4657, 14.1323, 23.0234, 26.7025,
         7.3592, 23.9844,  8.6181, 25.8238, 41.0835, 21.3524, 14.2975, 21.2633,
        24.9008, 12.0753, 20.5643, 42.2546, 23.1395, 26.1275, 20.8030, 27.0205,
        26.7155, 19.6970, 23.2893, 18.5335, 21.3262, 10.8754, 20.2889,  8.2877,
        26.9261, 11.8440, 15.3812, 37.7504, 24.2721, 13.7862, 18.4891,  2.8760,
        14.1398, 52.2390, 15.9824, 24.3101, 10.5379, 23.4719, 33.0887, 11.9662,
        19.4043,  6.9938, 13.6164, 24.0259, 26.9402,  8.3235, 23.1463,  8.6582,
        26.5978, 41.0332, 21.0300, 10.8327, 14.8216,  1.8497, 50.5567,  4.6255,
        25.1679,  9.3023, 14.9521, 28.4287,  2.4274, 21.0118, 11.3160,  0.4418,
        29.6856, 33.5163, 19.4106, 19.3832, 19.6973, 33.2352, 34.8316, 10.5783,
        19.9177, 11.2948, 49.0115,  6.8639, 18.2236,  9.7311,  7.1853, 27.8519,
        12.2812, 15.0191, 13.4012, 10.7085, 31.2949, 31.6867, 23.0110, 10.1329,
        21.6045, 33.6184, 29.4540,  9.1624, 14.9126, 50.9705, 17.2380, 25.2221,
        12.6431, 24.4182, 32.2250, 12.8875, 20.5878,  9.3509, 14.7120, 22.0799,
        26.1361,  6.4357, 24.3525,  8.2503, 24.9619, 40.9911, 21.6462, 49.2216,
         5.2334, 25.3318, 10.3627, 14.7390, 26.9906,  2.8042, 21.3641, 12.1770,
         2.2285, 28.8151, 33.1560, 19.2679, 19.5870, 19.8067, 32.5562, 33.9006,
         9.7995, 50.0209, 45.1849, 52.4950, 44.7632, 24.4353, 50.5754, 47.6147,
        52.8389, 50.8009, 35.4297, 40.0581, 48.4555, 45.9532, 49.4028, 36.8828,
        30.1604, 44.3354, 22.9847,  8.9263, 11.1468, 27.8512,  6.5515, 19.1569,
        12.1041,  4.5471, 30.8063, 33.4607, 21.3449, 16.1053, 20.9691, 33.9801,
        32.3514,  8.0201, 19.7631, 19.1676, 30.6001, 25.4729,  5.7959, 20.6066,
        25.0500, 28.0555, 21.1288, 24.5254, 10.3879, 21.2139, 27.2016, 29.4805,
        23.1418, 16.0183, 31.9001,  9.1182, 14.7096,  4.3021,  8.9781, 29.0484,
        29.7046, 16.6957, 15.7291, 15.1118, 31.2828, 36.5498, 15.1850, 23.7277,
        16.5442, 17.7606, 19.2632, 14.9933, 31.7783, 32.4953, 26.7320, 10.3778,
        25.6614, 34.1999, 23.1640,  7.3325, 28.7159, 31.1061, 32.9220, 28.7094,
        25.6325, 32.1095, 31.7597, 27.8275, 32.8495, 29.4215, 18.6419, 21.7217,
        21.1427, 10.3371,  2.4382, 28.5042, 32.7194, 17.6646, 20.3630, 18.2241,
        32.1386, 35.9025, 12.1577, 15.3465, 20.8461, 27.1369, 21.7970, 20.5824,
         9.8801, 17.1154, 26.9524, 32.0087, 20.8279, 11.0264, 27.2345, 28.0280,
        13.4421, 18.2848, 11.7979, 29.3351, 38.6556, 18.0076, 29.7870, 33.4956,
        19.3434, 19.2840, 19.5678, 33.2889, 35.0152, 10.7717, 16.1808, 17.3152,
        30.7374, 19.2918,  7.4284, 36.4804, 30.0510, 21.2817, 27.6475, 19.5408,
        11.1474, 36.9951, 33.3578, 25.5324,  5.1972, 19.5578, 40.8709, 24.5427,
        23.0844, 31.6088, 25.9686, 15.6248, 20.2299, 40.3323, 24.4809, 38.0745,
        33.4698, 25.5010], device='cuda:0', grad_fn=<AddBackward0>)"
9000,"tensor([0., 0., 0., 0., 0., 0., 0., 0., 0., 0., 0., 0., 0., 0., 0., 0., 0., 0., 0., 0., 0., 0., 0., 0.,
        0., 0., 0., 0., 0., 0., 0., 0., 0., 0., 0., 0., 0., 0., 0., 0., 0., 0., 0., 0., 0., 0., 0., 0.,
        0., 0., 0., 0., 0., 0., 0., 0.], device='cuda:0',
       grad_fn=<IndexBackward0>)","(array([[ 1, 56],
       [ 2, 56],
       [ 3, 56],
       [ 4, 56],
       [ 5, 56],
       [ 6, 56],
       [ 7, 56],
       [ 8, 56],
       [ 9, 56],
       [10, 56],
       [11, 56],
       [12, 56],
       [13, 56],
       [14, 56],
       [15, 56],
       [16, 56],
       [17, 56],
       [18, 56],
       [19, 56],
       [20, 56],
       [21, 56],
       [22, 56],
       [23, 56],
       [24, 56],
       [25, 56],
       [26, 56],
       [27, 56],
       [28,  0],
       [29,  1],
       [30,  2],
       [31,  3],
       [32,  4],
       [33,  5],
       [34,  6],
       [35,  7],
       [36,  8],
       [37,  9],
       [38, 10],
       [39, 11],
       [40, 12],
       [41, 13],
       [42, 14],
       [43, 15],
       [44, 16],
       [45, 17],
       [46, 18],
       [47, 19],
       [48, 20],
       [49, 21],
       [50, 22],
       [51, 23],
       [52, 24],
       [53, 25],
       [54, 26],
       [55, 27],
       [56,  0]]), array([[36, 48,  8, 48],
       [51, 53, 23, 53],
       [29, 43,  1, 43],
       ...,
       [53, 56, 53, 56],
       [54, 56, 54, 56],
       [55, 56, 55, 56]], shape=(1540, 4)))","tensor([[ 0.0000,  0.9618,  0.7311,  ...,  8.4163, 61.9963,  0.0000],
        [ 0.9618,  0.0000,  0.8945,  ..., 59.1732, 57.2536,  0.0000],
        [ 0.7311,  0.8945,  0.0000,  ..., 43.4143, 72.3465,  0.0000],
        ...,
        [ 8.4163, 59.1732, 43.4143,  ...,  0.0000,  0.6486,     inf],
        [61.9963, 57.2536, 72.3465,  ...,  0.6486,  0.0000,     inf],
        [ 0.0000,  0.0000,  0.0000,  ...,     inf,     inf,  0.0000]],
       device='cuda:0', grad_fn=<CopySlices>)","tensor(0., device='cuda:0', grad_fn=<MaxBackward1>)","tensor(93.8725, device='cuda:0', grad_fn=<MaxBackward1>)","tensor([53.7490, 38.0600, 61.1197, 56.9049, 49.9115, 58.6667, 61.0311, 60.7287,
        13.7402, 58.0429, 59.2057, 61.6746, 60.8530, 39.8594, 55.0027, 57.6432,
        51.8892, 21.5830, 35.6526, 60.4859, 58.2884, 61.4037, 66.3487, 11.3576,
        65.6037,  8.4163, 61.9963, 41.0514, 28.0477, 28.8761, 12.3121, 29.3600,
        21.4103, 15.1112, 45.4963, 42.0579, 26.9851, 25.5061, 51.2284, 37.7962,
         2.3917, 16.9842,  3.8167, 37.8776, 46.0480, 14.4941, 33.2778, 18.4116,
        63.4619, 44.5664, 62.4321, 59.1732, 57.2536, 40.7736, 28.8431, 32.2651,
        31.3408, 37.5890, 41.2120, 27.8996, 62.6972, 32.5550, 40.2445, 68.8540,
         4.4540, 41.0379, 35.2254, 41.4169, 24.6843,  7.3701, 41.1661, 31.9729,
        40.1131, 76.9372, 32.8233, 76.2656, 43.4143, 72.3465, 19.9661, 28.7313,
        17.6022, 16.1610, 18.2336, 53.9580, 48.0737, 17.7463,  5.1502, 56.0544,
        38.1955, 26.6901, 21.8330, 29.5082, 48.4029, 44.2396, 18.7806, 15.0390,
        16.1785, 65.3016, 54.6346, 64.8027, 65.0153, 61.2429, 22.1580,  3.5048,
        12.9913, 20.4009, 47.1501, 58.5746,  4.6596, 17.3887, 66.6594, 25.4253,
        27.4936, 15.1467, 31.0490, 40.8040, 33.9420, 20.6867, 10.6445, 17.3649,
        76.4971, 49.5089, 75.8299, 62.1848, 71.7325, 23.7242, 18.4455, 16.4941,
        39.8146, 50.0389, 21.3976, 25.5939, 58.7594, 28.6103, 11.9022, 11.6966,
        14.2101, 31.6191, 38.0205, 16.0020, 29.0254, 17.9114, 70.4076, 40.3371,
        69.4143, 56.1257, 64.3366, 12.0928, 19.7982, 49.2674, 58.1038,  3.7053,
        15.0972, 66.1963, 28.0693, 27.8818, 15.8074, 31.5614, 43.0460, 36.1429,
        20.1711,  8.5111, 16.4727, 75.9265, 51.4312, 75.2942, 63.7373, 71.3030,
         8.9322, 51.6552, 54.1439,  9.0486, 11.5400, 62.9371, 33.9529, 19.4911,
         7.8373, 24.1933, 44.5076, 42.9107,  9.3685, 17.5084,  5.1576, 73.7563,
        52.7983, 73.0052, 66.3788, 68.6359, 51.8954, 49.0263, 17.0089, 14.2007,
        58.1356, 37.6538, 13.0255,  9.3578, 17.9806, 44.5164, 46.4376,  0.7593,
        24.0540,  4.3180, 69.5464, 52.1567, 68.7174, 65.9980, 64.1203, 57.9573,
        49.5818, 53.7806, 62.4772, 29.1276, 46.5634, 47.7048, 44.1466,  9.2354,
        27.1262, 51.6323, 50.0040, 52.3919, 69.8886,  7.4415, 69.0375, 21.3739,
        64.8487, 57.5831, 49.8385, 10.0985, 61.6485, 43.2822, 53.6280, 39.1549,
        55.2243, 63.9449, 48.8557, 56.8062, 51.2966, 23.4703, 54.0645, 22.3099,
        58.8833, 17.0258, 14.4247, 65.9186, 29.0452, 25.3960, 12.6598, 29.3951,
        42.9509, 37.7194, 17.3599, 11.5022, 13.6534, 76.0590, 51.5369, 75.3753,
        64.4912, 71.2195, 58.1899, 37.2891, 23.9155, 17.6497, 27.4151, 47.6537,
        44.3567, 14.7949, 14.8711, 11.6612, 68.0562, 54.5616, 67.4705, 66.0589,
        63.6272, 68.2276, 52.4964, 62.5390, 48.2595, 60.8390, 69.3790, 57.9845,
        64.3555, 60.2657, 14.2783, 58.2869, 12.9407, 60.5770,  7.4488, 37.6836,
        31.3632, 38.3705, 24.6993, 11.5280, 37.5977, 29.4794, 36.5356, 76.8595,
        33.6788, 76.1444, 45.5490, 72.0502, 15.2081,  5.9623, 38.8964, 46.1501,
        12.3957, 31.9738, 16.3798, 64.6612, 45.8458, 63.6574, 60.4498, 58.5501,
        19.9531, 40.0048, 41.0297,  9.2331, 22.1060,  8.5970, 73.8549, 48.7647,
        72.9933, 63.4585, 68.2870, 36.7498, 46.1223, 17.4024, 35.0132, 21.2313,
        60.5809, 42.8048, 59.5182, 57.1526, 54.2530, 26.1299, 44.2103, 44.7910,
        45.1496, 69.6062, 11.8368, 68.6620, 29.1354, 64.0527, 46.4187, 35.4950,
        45.3374, 76.4378, 32.3334, 75.8618, 40.1313, 72.3015, 24.5032,  4.8980,
        69.4538, 51.8581, 68.6134, 65.7864, 63.9819, 20.9100, 73.0882, 52.1463,
        72.5985, 62.5802, 69.0626, 71.3650, 53.0327, 70.5848, 66.6574, 66.1314,
        65.7436,  1.8536, 64.5378,  8.2001, 64.8365, 18.9781, 60.5375, 63.9230,
         6.6276, 60.8818], device='cuda:0', grad_fn=<AddBackward0>)"
